{
	"info": {
		"_postman_id": "2a88cb08-4403-400a-9879-39c9ae7f06b4",
		"name": "Tryyon V2",
		"schema": "https://schema.getpostman.com/json/collection/v2.1.0/collection.json",
		"_exporter_id": "21255185"
	},
	"item": [
		{
			"name": "Auth",
			"item": [
				{
					"name": "Create OTP",
					"request": {
						"method": "POST",
						"header": [],
						"body": {
							"mode": "raw",
							"raw": "{\n    \"userType\": \"\",\n    \"phoneNo\": \"\",\n    \"email\": \"\"\n}",
							"options": {
								"raw": {
									"language": "json"
								}
							}
						},
						"url": {
							"raw": "/v1/auth/create-otp/:type",
							"path": [
								"v1",
								"auth",
								"create-otp",
								":type"
							],
							"variable": [
								{
									"key": "type"
								}
							]
						}
					},
					"response": [
						{
							"name": "200 OK",
							"originalRequest": {
								"method": "POST",
								"header": [],
								"url": {
									"raw": "/v1/auth/create-otp/:type",
									"path": [
										"v1",
										"auth",
										"create-otp",
										":type"
									],
									"variable": [
										{
											"key": "type"
										}
									]
								}
							},
							"status": "OK",
							"code": 200,
							"_postman_previewlanguage": "json",
							"header": [],
							"cookie": [],
							"body": "{\n  \"message\": \"OTP created successfully.\"\n}"
						},
						{
							"name": "400 Bad Request",
							"originalRequest": {
								"method": "POST",
								"header": [],
								"url": {
									"raw": "/v1/auth/create-otp/:type",
									"path": [
										"v1",
										"auth",
										"create-otp",
										":type"
									],
									"variable": [
										{
											"key": "type"
										}
									]
								}
							},
							"status": "Bad Request",
							"code": 400,
							"_postman_previewlanguage": "json",
							"header": [],
							"cookie": [],
							"body": "{\n  \"error\": \"The request was malformed or missing required parameters.\"\n}"
						},
						{
							"name": "500 Internal Server Error",
							"originalRequest": {
								"method": "POST",
								"header": [],
								"url": {
									"raw": "/v1/auth/create-otp/:type",
									"path": [
										"v1",
										"auth",
										"create-otp",
										":type"
									],
									"variable": [
										{
											"key": "type"
										}
									]
								}
							},
							"status": "Internal Server Error",
							"code": 500,
							"_postman_previewlanguage": "json",
							"header": [],
							"cookie": [],
							"body": "{\n  \"error\": \"An error occurred while creating the OTP.\"\n}"
						}
					]
				},
				{
					"name": "Validate OTP",
					"request": {
						"method": "POST",
						"header": [],
						"body": {
							"mode": "raw",
							"raw": "{\n    \"otp\": \"\",\n    \"userType\": \"\",\n    \"userId\": \"\"\n}",
							"options": {
								"raw": {
									"language": "json"
								}
							}
						},
						"url": {
							"raw": "/v1/auth/validate-otp",
							"path": [
								"v1",
								"auth",
								"validate-otp"
							]
						}
					},
					"response": [
						{
							"name": "200 OK",
							"originalRequest": {
								"method": "POST",
								"header": [],
								"url": {
									"raw": "/v1/auth/validate-otp",
									"path": [
										"v1",
										"auth",
										"validate-otp"
									]
								}
							},
							"status": "OK",
							"code": 200,
							"_postman_previewlanguage": "json",
							"header": [],
							"cookie": [],
							"body": "{\n  \"message\": \"OTP validated successfully.\"\n}"
						},
						{
							"name": "400 Bad Request - OTP not found",
							"originalRequest": {
								"method": "POST",
								"header": [],
								"url": {
									"raw": "/v1/auth/validate-otp",
									"path": [
										"v1",
										"auth",
										"validate-otp"
									]
								}
							},
							"status": "Bad Request",
							"code": 400,
							"_postman_previewlanguage": "json",
							"header": [],
							"cookie": [],
							"body": "{\n  \"error\": \"OTP not found.\"\n}"
						},
						{
							"name": "400 Bad Request - Invalid OTP",
							"originalRequest": {
								"method": "POST",
								"header": [],
								"url": {
									"raw": "/v1/auth/validate-otp",
									"path": [
										"v1",
										"auth",
										"validate-otp"
									]
								}
							},
							"status": "Bad Request",
							"code": 400,
							"_postman_previewlanguage": "json",
							"header": [],
							"cookie": [],
							"body": "{\n  \"error\": \"Invalid OTP.\"\n}"
						}
					]
				},
				{
					"name": "Create Password Reset Link",
					"request": {
						"method": "POST",
						"header": [],
						"body": {
							"mode": "raw",
							"raw": "{\n    \"email\": \"\",\n    \"userType\": \"\"\n}",
							"options": {
								"raw": {
									"language": "json"
								}
							}
						},
						"url": {
							"raw": "/v1/auth/create-password-reset-link",
							"path": [
								"v1",
								"auth",
								"create-password-reset-link"
							]
						}
					},
					"response": [
						{
							"name": "200 OK",
							"originalRequest": {
								"method": "POST",
								"header": [],
								"url": {
									"raw": "/v1/auth/create-password-reset-link",
									"path": [
										"v1",
										"auth",
										"create-password-reset-link"
									]
								}
							},
							"status": "OK",
							"code": 200,
							"_postman_previewlanguage": "json",
							"header": [],
							"cookie": [],
							"body": "{\n  \"message\": \"Password reset link created and sent successfully.\"\n}"
						},
						{
							"name": "404 Not Found",
							"originalRequest": {
								"method": "POST",
								"header": [],
								"url": {
									"raw": "/v1/auth/create-password-reset-link",
									"path": [
										"v1",
										"auth",
										"create-password-reset-link"
									]
								}
							},
							"status": "Not Found",
							"code": 404,
							"_postman_previewlanguage": "json",
							"header": [],
							"cookie": [],
							"body": "{\n  \"error\": \"The user with the provided email and user type was not found.\"\n}"
						},
						{
							"name": "400 Bad Request",
							"originalRequest": {
								"method": "POST",
								"header": [],
								"url": {
									"raw": "/v1/auth/create-password-reset-link",
									"path": [
										"v1",
										"auth",
										"create-password-reset-link"
									]
								}
							},
							"status": "Bad Request",
							"code": 400,
							"_postman_previewlanguage": "json",
							"header": [],
							"cookie": [],
							"body": "{\n  \"error\": \"The request was malformed or missing required parameters.\"\n}"
						}
					]
				},
				{
					"name": "Verify Password Reset Link",
					"request": {
						"method": "POST",
						"header": [
							{
								"key": "Authorization",
								"value": "Bearer {JWT}",
								"description": "JWT token generated by the server during login."
							}
						],
						"body": {
							"mode": "raw",
							"raw": "{\n    \"decoded\": {},\n    \"newPassword\": \"\"\n}",
							"options": {
								"raw": {
									"language": "json"
								}
							}
						},
						"url": {
							"raw": "/v1/auth/verify-password-reset-link",
							"path": [
								"v1",
								"auth",
								"verify-password-reset-link"
							]
						}
					},
					"response": [
						{
							"name": "200 OK",
							"originalRequest": {
								"method": "POST",
								"header": [
									{
										"key": "Authorization",
										"value": "Bearer {JWT}",
										"description": "JWT token generated by the server during login."
									}
								],
								"url": {
									"raw": "/v1/auth/verify-password-reset-link",
									"path": [
										"v1",
										"auth",
										"verify-password-reset-link"
									]
								}
							},
							"status": "OK",
							"code": 200,
							"_postman_previewlanguage": "json",
							"header": [],
							"cookie": [],
							"body": "{\n  \"message\": \"Password reset successfully.\"\n}"
						},
						{
							"name": "400 Bad Request",
							"originalRequest": {
								"method": "POST",
								"header": [
									{
										"key": "Authorization",
										"value": "Bearer {JWT}",
										"description": "JWT token generated by the server during login."
									}
								],
								"url": {
									"raw": "/v1/auth/verify-password-reset-link",
									"path": [
										"v1",
										"auth",
										"verify-password-reset-link"
									]
								}
							},
							"status": "Bad Request",
							"code": 400,
							"_postman_previewlanguage": "json",
							"header": [],
							"cookie": [],
							"body": "{\n  \"error\": \"The request was malformed or missing required parameters.\"\n}"
						},
						{
							"name": "401 Unauthorized",
							"originalRequest": {
								"method": "POST",
								"header": [
									{
										"key": "Authorization",
										"value": "Bearer {JWT}",
										"description": "JWT token generated by the server during login."
									}
								],
								"url": {
									"raw": "/v1/auth/verify-password-reset-link",
									"path": [
										"v1",
										"auth",
										"verify-password-reset-link"
									]
								}
							},
							"status": "Unauthorized",
							"code": 401,
							"_postman_previewlanguage": "json",
							"header": [],
							"cookie": [],
							"body": "{\n  \"error\": \"Invalid or expired token.\"\n}"
						},
						{
							"name": "500 Internal Server Error",
							"originalRequest": {
								"method": "POST",
								"header": [
									{
										"key": "Authorization",
										"value": "Bearer {JWT}",
										"description": "JWT token generated by the server during login."
									}
								],
								"url": {
									"raw": "/v1/auth/verify-password-reset-link",
									"path": [
										"v1",
										"auth",
										"verify-password-reset-link"
									]
								}
							},
							"status": "Internal Server Error",
							"code": 500,
							"_postman_previewlanguage": "json",
							"header": [],
							"cookie": [],
							"body": "{\n  \"error\": \"An error occurred while resetting the password.\"\n}"
						}
					]
				}
			]
		},
		{
			"name": "Tenant",
			"item": [
				{
					"name": "Update Tenant",
					"request": {
						"method": "PATCH",
						"header": [
							{
								"key": "Content-Type",
								"value": "application/json"
							}
						],
						"body": {
							"mode": "raw",
							"raw": "{\n\t\"businessInfo\": {\n\t\t\"name\": \"Tenant's Business Name\"\n\t},\n\t\"contactInfo\": {\n\t\t\"email\": \"tenant@email.com\",\n\t\t\"phone\": \"+1-123-456-7890\"\n\t}\n}"
						},
						"url": {
							"raw": "yourapi.com/v1/tenant/:id",
							"host": [
								"yourapi",
								"com"
							],
							"path": [
								"v1",
								"tenant",
								":id"
							],
							"variable": [
								{
									"key": "id"
								}
							]
						}
					},
					"response": [
						{
							"name": "Success Response",
							"originalRequest": {
								"method": "PATCH",
								"header": [
									{
										"key": "Content-Type",
										"value": "application/json"
									}
								],
								"body": {
									"mode": "raw",
									"raw": "{\n\t\"businessInfo\": {\n\t\t\"name\": \"Tenant's Business Name\"\n\t},\n\t\"contactInfo\": {\n\t\t\"email\": \"tenant@email.com\",\n\t\t\"phone\": \"+1-123-456-7890\"\n\t}\n}"
								},
								"url": {
									"raw": "yourapi.com/v1/tenant/:id",
									"host": [
										"yourapi",
										"com"
									],
									"path": [
										"v1",
										"tenant",
										":id"
									],
									"variable": [
										{
											"key": "id"
										}
									]
								}
							},
							"status": "200 OK",
							"code": 200,
							"_postman_previewlanguage": "Text",
							"header": [
								{
									"key": "Content-Type",
									"value": "application/json"
								}
							],
							"cookie": [],
							"body": ""
						},
						{
							"name": "Bad Request",
							"originalRequest": {
								"method": "PATCH",
								"header": [
									{
										"key": "Content-Type",
										"value": "application/json"
									}
								],
								"body": {
									"mode": "raw",
									"raw": "{\n\t\"businessInfo\": {\n\t\t\"name\": \"Tenant's Business Name\"\n\t},\n\t\"contactInfo\": {\n\t\t\"email\": \"tenant@email.com\",\n\t\t\"phone\": \"+1-123-456-7890\"\n\t}\n}"
								},
								"url": {
									"raw": "yourapi.com/v1/tenant/:id",
									"host": [
										"yourapi",
										"com"
									],
									"path": [
										"v1",
										"tenant",
										":id"
									],
									"variable": [
										{
											"key": "id"
										}
									]
								}
							},
							"status": "400 Bad Request",
							"code": 400,
							"_postman_previewlanguage": "Text",
							"header": [
								{
									"key": "Content-Type",
									"value": "application/json"
								}
							],
							"cookie": [],
							"body": ""
						},
						{
							"name": "Not Found",
							"originalRequest": {
								"method": "PATCH",
								"header": [
									{
										"key": "Content-Type",
										"value": "application/json"
									}
								],
								"body": {
									"mode": "raw",
									"raw": "{\n\t\"businessInfo\": {\n\t\t\"name\": \"Tenant's Business Name\"\n\t},\n\t\"contactInfo\": {\n\t\t\"email\": \"tenant@email.com\",\n\t\t\"phone\": \"+1-123-456-7890\"\n\t}\n}"
								},
								"url": {
									"raw": "yourapi.com/v1/tenant/:id",
									"host": [
										"yourapi",
										"com"
									],
									"path": [
										"v1",
										"tenant",
										":id"
									],
									"variable": [
										{
											"key": "id"
										}
									]
								}
							},
							"status": "404 Not Found",
							"code": 404,
							"_postman_previewlanguage": "Text",
							"header": [
								{
									"key": "Content-Type",
									"value": "application/json"
								}
							],
							"cookie": [],
							"body": ""
						},
						{
							"name": "Internal Server Error",
							"originalRequest": {
								"method": "PATCH",
								"header": [
									{
										"key": "Content-Type",
										"value": "application/json"
									}
								],
								"body": {
									"mode": "raw",
									"raw": "{\n\t\"businessInfo\": {\n\t\t\"name\": \"Tenant's Business Name\"\n\t},\n\t\"contactInfo\": {\n\t\t\"email\": \"tenant@email.com\",\n\t\t\"phone\": \"+1-123-456-7890\"\n\t}\n}"
								},
								"url": {
									"raw": "yourapi.com/v1/tenant/:id",
									"host": [
										"yourapi",
										"com"
									],
									"path": [
										"v1",
										"tenant",
										":id"
									],
									"variable": [
										{
											"key": "id"
										}
									]
								}
							},
							"status": "500 Internal Server Error",
							"code": 500,
							"_postman_previewlanguage": "Text",
							"header": [
								{
									"key": "Content-Type",
									"value": "application/json"
								}
							],
							"cookie": [],
							"body": ""
						}
					]
				},
				{
					"name": "Delete Tenant",
					"request": {
						"method": "DELETE",
						"header": [],
						"url": {
							"raw": "yourapi.com/v1/tenant/:id",
							"host": [
								"yourapi",
								"com"
							],
							"path": [
								"v1",
								"tenant",
								":id"
							],
							"variable": [
								{
									"key": "id"
								}
							]
						}
					},
					"response": [
						{
							"name": "Success Response",
							"originalRequest": {
								"method": "DELETE",
								"header": [],
								"url": {
									"raw": "yourapi.com/v1/tenant/:id",
									"host": [
										"yourapi",
										"com"
									],
									"path": [
										"v1",
										"tenant",
										":id"
									],
									"variable": [
										{
											"key": "id"
										}
									]
								}
							},
							"status": "200 OK",
							"code": 200,
							"_postman_previewlanguage": "Text",
							"header": [
								{
									"key": "Content-Type",
									"value": "application/json"
								}
							],
							"cookie": [],
							"body": ""
						},
						{
							"name": "Not Found",
							"originalRequest": {
								"method": "DELETE",
								"header": [],
								"url": {
									"raw": "yourapi.com/v1/tenant/:id",
									"host": [
										"yourapi",
										"com"
									],
									"path": [
										"v1",
										"tenant",
										":id"
									],
									"variable": [
										{
											"key": "id"
										}
									]
								}
							},
							"status": "404 Not Found",
							"code": 404,
							"_postman_previewlanguage": "Text",
							"header": [
								{
									"key": "Content-Type",
									"value": "application/json"
								}
							],
							"cookie": [],
							"body": ""
						},
						{
							"name": "Internal Server Error",
							"originalRequest": {
								"method": "DELETE",
								"header": [],
								"url": {
									"raw": "yourapi.com/v1/tenant/:id",
									"host": [
										"yourapi",
										"com"
									],
									"path": [
										"v1",
										"tenant",
										":id"
									],
									"variable": [
										{
											"key": "id"
										}
									]
								}
							},
							"status": "500 Internal Server Error",
							"code": 500,
							"_postman_previewlanguage": "Text",
							"header": [
								{
									"key": "Content-Type",
									"value": "application/json"
								}
							],
							"cookie": [],
							"body": ""
						}
					]
				},
				{
					"name": "Register Tenant",
					"request": {
						"method": "POST",
						"header": [
							{
								"key": "Content-Type",
								"value": "application/json"
							}
						],
						"body": {
							"mode": "raw",
							"raw": "{\n\t\"email\": \"tenant@email.com\",\n\t\"phoneNo\": 1234567890,\n\t\"password\": \"password123\"\n}"
						},
						"url": {
							"raw": ""
						}
					},
					"response": [
						{
							"name": "Success Response",
							"originalRequest": {
								"method": "POST",
								"header": [
									{
										"key": "Content-Type",
										"value": "application/json"
									}
								],
								"body": {
									"mode": "raw",
									"raw": "{\n\t\"email\": \"tenant@email.com\",\n\t\"phoneNo\": 1234567890,\n\t\"password\": \"password123\"\n}"
								},
								"url": {
									"raw": ""
								}
							},
							"status": "200 OK",
							"code": 200,
							"_postman_previewlanguage": "Text",
							"header": [
								{
									"key": "Content-Type",
									"value": "application/json"
								}
							],
							"cookie": [],
							"body": ""
						},
						{
							"name": "Bad Request",
							"originalRequest": {
								"method": "POST",
								"header": [
									{
										"key": "Content-Type",
										"value": "application/json"
									}
								],
								"body": {
									"mode": "raw",
									"raw": "{\n\t\"email\": \"tenant@email.com\",\n\t\"phoneNo\": 1234567890,\n\t\"password\": \"password123\"\n}"
								},
								"url": {
									"raw": ""
								}
							},
							"status": "400 Bad Request",
							"code": 400,
							"_postman_previewlanguage": "Text",
							"header": [
								{
									"key": "Content-Type",
									"value": "application/json"
								}
							],
							"cookie": [],
							"body": ""
						},
						{
							"name": "Internal Server Error",
							"originalRequest": {
								"method": "POST",
								"header": [
									{
										"key": "Content-Type",
										"value": "application/json"
									}
								],
								"body": {
									"mode": "raw",
									"raw": "{\n\t\"email\": \"tenant@email.com\",\n\t\"phoneNo\": 1234567890,\n\t\"password\": \"password123\"\n}"
								},
								"url": {
									"raw": ""
								}
							},
							"status": "500 Internal Server Error",
							"code": 500,
							"_postman_previewlanguage": "Text",
							"header": [
								{
									"key": "Content-Type",
									"value": "application/json"
								}
							],
							"cookie": [],
							"body": ""
						}
					]
				},
				{
					"name": "Login Tenant",
					"request": {
						"method": "POST",
						"header": [
							{
								"key": "Content-Type",
								"value": "application/json"
							}
						],
						"body": {
							"mode": "raw",
							"raw": "{\n\t\"email\": \"tenant@email.com\",\n\t\"password\": \"password123\"\n}"
						},
						"url": {
							"raw": ""
						}
					},
					"response": [
						{
							"name": "Success Response",
							"originalRequest": {
								"method": "POST",
								"header": [
									{
										"key": "Content-Type",
										"value": "application/json"
									}
								],
								"body": {
									"mode": "raw",
									"raw": "{\n\t\"email\": \"tenant@email.com\",\n\t\"password\": \"password123\"\n}"
								},
								"url": {
									"raw": ""
								}
							},
							"status": "200 OK",
							"code": 200,
							"_postman_previewlanguage": "Text",
							"header": [
								{
									"key": "Content-Type",
									"value": "application/json"
								}
							],
							"cookie": [],
							"body": ""
						},
						{
							"name": "Bad Request",
							"originalRequest": {
								"method": "POST",
								"header": [
									{
										"key": "Content-Type",
										"value": "application/json"
									}
								],
								"body": {
									"mode": "raw",
									"raw": "{\n\t\"email\": \"tenant@email.com\",\n\t\"password\": \"password123\"\n}"
								},
								"url": {
									"raw": ""
								}
							},
							"status": "400 Bad Request",
							"code": 400,
							"_postman_previewlanguage": "Text",
							"header": [
								{
									"key": "Content-Type",
									"value": "application/json"
								}
							],
							"cookie": [],
							"body": ""
						},
						{
							"name": "Unauthorized",
							"originalRequest": {
								"method": "POST",
								"header": [
									{
										"key": "Content-Type",
										"value": "application/json"
									}
								],
								"body": {
									"mode": "raw",
									"raw": "{\n\t\"email\": \"tenant@email.com\",\n\t\"password\": \"password123\"\n}"
								},
								"url": {
									"raw": ""
								}
							},
							"status": "401 Unauthorized",
							"code": 401,
							"_postman_previewlanguage": "Text",
							"header": [
								{
									"key": "Content-Type",
									"value": "application/json"
								}
							],
							"cookie": [],
							"body": ""
						},
						{
							"name": "Internal Server Error",
							"originalRequest": {
								"method": "POST",
								"header": [
									{
										"key": "Content-Type",
										"value": "application/json"
									}
								],
								"body": {
									"mode": "raw",
									"raw": "{\n\t\"email\": \"tenant@email.com\",\n\t\"password\": \"password123\"\n}"
								},
								"url": {
									"raw": ""
								}
							},
							"status": "500 Internal Server Error",
							"code": 500,
							"_postman_previewlanguage": "Text",
							"header": [
								{
									"key": "Content-Type",
									"value": "application/json"
								}
							],
							"cookie": [],
							"body": ""
						}
					]
				},
				{
					"name": "Get All Tenants",
					"request": {
						"method": "GET",
						"header": [],
						"url": {
							"raw": ""
						}
					},
					"response": [
						{
							"name": "Success Response",
							"originalRequest": {
								"method": "GET",
								"header": [],
								"url": {
									"raw": ""
								}
							},
							"status": "200 OK",
							"code": 200,
							"_postman_previewlanguage": "Text",
							"header": [
								{
									"key": "Content-Type",
									"value": "application/json"
								}
							],
							"cookie": [],
							"body": ""
						},
						{
							"name": "Unauthorized",
							"originalRequest": {
								"method": "GET",
								"header": [],
								"url": {
									"raw": ""
								}
							},
							"status": "401 Unauthorized",
							"code": 401,
							"_postman_previewlanguage": "Text",
							"header": [
								{
									"key": "Content-Type",
									"value": "application/json"
								}
							],
							"cookie": [],
							"body": ""
						},
						{
							"name": "Not Found",
							"originalRequest": {
								"method": "GET",
								"header": [],
								"url": {
									"raw": ""
								}
							},
							"status": "404 Not Found",
							"code": 404,
							"_postman_previewlanguage": "Text",
							"header": [
								{
									"key": "Content-Type",
									"value": "application/json"
								}
							],
							"cookie": [],
							"body": ""
						},
						{
							"name": "Internal Server Error",
							"originalRequest": {
								"method": "GET",
								"header": [],
								"url": {
									"raw": ""
								}
							},
							"status": "500 Internal Server Error",
							"code": 500,
							"_postman_previewlanguage": "Text",
							"header": [
								{
									"key": "Content-Type",
									"value": "application/json"
								}
							],
							"cookie": [],
							"body": ""
						}
					]
				},
				{
					"name": "Get Tenant",
					"request": {
						"method": "GET",
						"header": [
							{
								"key": "Authorization",
								"value": "Bearer <JWT_TOKEN>"
							}
						],
						"url": {
							"raw": ""
						}
					},
					"response": [
						{
							"name": "Success Response",
							"originalRequest": {
								"method": "GET",
								"header": [
									{
										"key": "Authorization",
										"value": "Bearer <JWT_TOKEN>"
									}
								],
								"url": {
									"raw": ""
								}
							},
							"status": "200 OK",
							"code": 200,
							"_postman_previewlanguage": "Text",
							"header": [
								{
									"key": "Content-Type",
									"value": "application/json"
								}
							],
							"cookie": [],
							"body": ""
						},
						{
							"name": "Unauthorized",
							"originalRequest": {
								"method": "GET",
								"header": [
									{
										"key": "Authorization",
										"value": "Bearer <JWT_TOKEN>"
									}
								],
								"url": {
									"raw": ""
								}
							},
							"status": "401 Unauthorized",
							"code": 401,
							"_postman_previewlanguage": "Text",
							"header": [
								{
									"key": "Content-Type",
									"value": "application/json"
								}
							],
							"cookie": [],
							"body": ""
						},
						{
							"name": "Not Found",
							"originalRequest": {
								"method": "GET",
								"header": [
									{
										"key": "Authorization",
										"value": "Bearer <JWT_TOKEN>"
									}
								],
								"url": {
									"raw": ""
								}
							},
							"status": "404 Not Found",
							"code": 404,
							"_postman_previewlanguage": "Text",
							"header": [
								{
									"key": "Content-Type",
									"value": "application/json"
								}
							],
							"cookie": [],
							"body": ""
						},
						{
							"name": "Internal Server Error",
							"originalRequest": {
								"method": "GET",
								"header": [
									{
										"key": "Authorization",
										"value": "Bearer <JWT_TOKEN>"
									}
								],
								"url": {
									"raw": ""
								}
							},
							"status": "500 Internal Server Error",
							"code": 500,
							"_postman_previewlanguage": "Text",
							"header": [
								{
									"key": "Content-Type",
									"value": "application/json"
								}
							],
							"cookie": [],
							"body": ""
						}
					]
				}
			]
		},
		{
			"name": "Category",
			"item": [
				{
					"name": "Add Root Category",
					"request": {
						"method": "POST",
						"header": [
							{
								"key": "Authorization",
								"value": "Bearer {token}",
								"description": "Bearer Token",
								"type": "text"
							},
							{
								"key": "Content-Type",
								"value": "application/json",
								"description": "JSON"
							}
						],
						"body": {
							"mode": "raw",
							"raw": "{\n  \"name\": \"Electronics\",\n  \"description\": \"Electronic products\",\n  \"slug\": \"electronics\"\n}"
						},
						"url": {
							"raw": "{{base_url}}://category/root-category",
							"protocol": "{{base_url}}",
							"host": [
								"category"
							],
							"path": [
								"root-category"
							]
						},
						"description": "Adds a new root category."
					},
					"response": [
						{
							"name": "Success",
							"originalRequest": {
								"method": "POST",
								"header": [
									{
										"key": "Authorization",
										"value": "Bearer {token}",
										"type": "text",
										"name": "Authorization"
									},
									{
										"key": "Content-Type",
										"value": "application/json",
										"type": "text",
										"name": "Content-Type"
									}
								],
								"body": {
									"mode": "raw",
									"raw": "{\n  \"name\": \"Electronics\",\n  \"description\": \"Electronic products\",\n  \"slug\": \"electronics\"\n}"
								},
								"url": {
									"raw": ""
								}
							},
							"status": "200",
							"code": 200,
							"_postman_previewlanguage": "Text",
							"header": [
								{
									"key": "Content-Type",
									"value": "application/json; charset=utf-8",
									"name": "Content-Type"
								}
							],
							"cookie": [],
							"body": "{\n  \"message\": \"Root category created successfully\",\n  \"data\": {\n    \"name\": \"Electronics\",\n    \"description\": \"Electronic products\",\n    \"slug\": \"electronics\",\n    \"_id\": \"609b64c7823f3446d46bc37a\",\n    \"createdAt\": \"2021-05-13T12:30:32.000Z\",\n    \"updatedAt\": \"2021-05-13T12:30:32.000Z\"\n  }\n}"
						},
						{
							"name": "Error",
							"originalRequest": {
								"method": "POST",
								"header": [
									{
										"key": "Authorization",
										"value": "Bearer {token}",
										"type": "text",
										"name": "Authorization"
									},
									{
										"key": "Content-Type",
										"value": "application/json",
										"type": "text",
										"name": "Content-Type"
									}
								],
								"body": {
									"mode": "raw",
									"raw": "{\n  \"name\": \"Electronics\",\n  \"description\": \"Electronic products\",\n  \"slug\": \"electronics\"\n}"
								},
								"url": {
									"raw": ""
								}
							},
							"status": "400",
							"code": 400,
							"_postman_previewlanguage": "Text",
							"header": [
								{
									"key": "Content-Type",
									"value": "application/json; charset=utf-8",
									"name": "Content-Type"
								}
							],
							"cookie": [],
							"body": "{\n  \"error\": {\n    \"message\": \"Category with this name and slug already exists\"\n  }\n}"
						}
					]
				},
				{
					"name": "Add Main Category",
					"request": {
						"method": "POST",
						"header": [
							{
								"key": "Authorization",
								"value": "Bearer {token}",
								"description": "Bearer Token",
								"type": "text"
							},
							{
								"key": "Content-Type",
								"value": "application/json",
								"description": "JSON"
							}
						],
						"body": {
							"mode": "raw",
							"raw": "{\n  \"name\": \"Laptops\",\n  \"description\": \"Laptop computers\",\n  \"slug\": \"laptops\",\n  \"parentCategoryId\": \"609b64c7823f3446d46bc37a\"\n}"
						},
						"url": {
							"raw": "{{base_url}}://category/main-category",
							"protocol": "{{base_url}}",
							"host": [
								"category"
							],
							"path": [
								"main-category"
							]
						},
						"description": "Adds a new main category."
					},
					"response": [
						{
							"name": "Success",
							"originalRequest": {
								"method": "POST",
								"header": [
									{
										"key": "Authorization",
										"value": "Bearer {token}",
										"type": "text",
										"name": "Authorization"
									},
									{
										"key": "Content-Type",
										"value": "application/json",
										"type": "text",
										"name": "Content-Type"
									}
								],
								"body": {
									"mode": "raw",
									"raw": "{\n  \"name\": \"Laptops\",\n  \"description\": \"Laptop computers\",\n  \"slug\": \"laptops\",\n  \"parentCategoryId\": \"609b64c7823f3446d46bc37a\"\n}"
								},
								"url": {
									"raw": ""
								}
							},
							"status": "200",
							"code": 200,
							"_postman_previewlanguage": "Text",
							"header": [
								{
									"key": "Content-Type",
									"value": "application/json; charset=utf-8",
									"name": "Content-Type"
								}
							],
							"cookie": [],
							"body": "{\n  \"message\": \"Main category created successfully\",\n  \"data\": {\n    \"name\": \"Laptops\",\n    \"description\": \"Laptop computers\",\n    \"slug\": \"laptops\",\n    \"parentCategoryId\": \"609b64c7823f3446d46bc37a\",\n    \"_id\": \"609b64c7823f3446d46bc37b\",\n    \"createdAt\": \"2021-05-13T12:30:32.000Z\",\n    \"updatedAt\": \"2021-05-13T12:30:32.000Z\"\n  }\n}"
						},
						{
							"name": "Error",
							"originalRequest": {
								"method": "POST",
								"header": [
									{
										"key": "Authorization",
										"value": "Bearer {token}",
										"type": "text",
										"name": "Authorization"
									},
									{
										"key": "Content-Type",
										"value": "application/json",
										"type": "text",
										"name": "Content-Type"
									}
								],
								"body": {
									"mode": "raw",
									"raw": "{\n  \"name\": \"Laptops\",\n  \"description\": \"Laptop computers\",\n  \"slug\": \"laptops\",\n  \"parentCategoryId\": \"609b64c7823f3446d46bc37a\"\n}"
								},
								"url": {
									"raw": ""
								}
							},
							"status": "400",
							"code": 400,
							"_postman_previewlanguage": "Text",
							"header": [
								{
									"key": "Content-Type",
									"value": "application/json; charset=utf-8",
									"name": "Content-Type"
								}
							],
							"cookie": [],
							"body": "{\n  \"error\": {\n    \"message\": \"This main category already exists\"\n  }\n}"
						}
					]
				},
				{
					"name": "Add Child Category",
					"request": {
						"method": "POST",
						"header": [
							{
								"key": "Authorization",
								"value": "Bearer {token}",
								"description": "Bearer Token",
								"type": "text"
							},
							{
								"key": "Content-Type",
								"value": "application/json",
								"description": "JSON"
							}
						],
						"body": {
							"mode": "raw",
							"raw": "{\n  \"name\": \"Mobile Phones\",\n  \"description\": \"Smartphones\",\n  \"slug\": \"mobile-phones\",\n  \"parentCategoryId\": \"609b64c7823f3446d46bc37b\"\n}"
						},
						"url": {
							"raw": "{{base_url}}://category/child-category",
							"protocol": "{{base_url}}",
							"host": [
								"category"
							],
							"path": [
								"child-category"
							]
						},
						"description": "Adds a new child category."
					},
					"response": [
						{
							"name": "Success",
							"originalRequest": {
								"method": "POST",
								"header": [
									{
										"key": "Authorization",
										"value": "Bearer {token}",
										"type": "text",
										"name": "Authorization"
									},
									{
										"key": "Content-Type",
										"value": "application/json",
										"type": "text",
										"name": "Content-Type"
									}
								],
								"body": {
									"mode": "raw",
									"raw": "{\n  \"name\": \"Mobile Phones\",\n  \"description\": \"Smartphones\",\n  \"slug\": \"mobile-phones\",\n  \"parentCategoryId\": \"609b64c7823f3446d46bc37b\"\n}"
								},
								"url": {
									"raw": ""
								}
							},
							"status": "200",
							"code": 200,
							"_postman_previewlanguage": "Text",
							"header": [
								{
									"key": "Content-Type",
									"value": "application/json; charset=utf-8",
									"name": "Content-Type"
								}
							],
							"cookie": [],
							"body": "{\n  \"message\": \"Child category created successfully\",\n  \"data\": {\n    \"name\": \"Mobile Phones\",\n    \"description\": \"Smartphones\",\n    \"slug\": \"mobile-phones\",\n    \"parentCategoryId\": \"609b64c7823f3446d46bc37b\",\n    \"_id\": \"609b64c7823f3446d46bc37c\",\n    \"createdAt\": \"2021-05-13T12:30:32.000Z\",\n    \"updatedAt\": \"2021-05-13T12:30:32.000Z\"\n  }\n}"
						},
						{
							"name": "Error",
							"originalRequest": {
								"method": "POST",
								"header": [
									{
										"key": "Authorization",
										"value": "Bearer {token}",
										"type": "text",
										"name": "Authorization"
									},
									{
										"key": "Content-Type",
										"value": "application/json",
										"type": "text",
										"name": "Content-Type"
									}
								],
								"body": {
									"mode": "raw",
									"raw": "{\n  \"name\": \"Mobile Phones\",\n  \"description\": \"Smartphones\",\n  \"slug\": \"mobile-phones\",\n  \"parentCategoryId\": \"609b64c7823f3446d46bc37b\"\n}"
								},
								"url": {
									"raw": ""
								}
							},
							"status": "400",
							"code": 400,
							"_postman_previewlanguage": "Text",
							"header": [
								{
									"key": "Content-Type",
									"value": "application/json; charset=utf-8",
									"name": "Content-Type"
								}
							],
							"cookie": [],
							"body": "{\n  \"error\": {\n    \"message\": \"This child category already exists\"\n  }\n}"
						}
					]
				},
				{
					"name": "Add Variant",
					"request": {
						"method": "POST",
						"header": [
							{
								"key": "Authorization",
								"value": "Bearer {token}",
								"description": "Bearer Token",
								"type": "text"
							},
							{
								"key": "Content-Type",
								"value": "application/json",
								"description": "JSON"
							}
						],
						"body": {
							"mode": "raw",
							"raw": "{\n  \"name\": \"Color\",\n  \"value\": \"Red\",\n  \"description\": \"Red color variant\",\n  \"slug\": \"red\",\n  \"applicableTo\": [],\n  \"variantType\": \"color\"\n}"
						},
						"url": {
							"raw": "{{base_url}}://category/variant",
							"protocol": "{{base_url}}",
							"host": [
								"category"
							],
							"path": [
								"variant"
							]
						},
						"description": "Adds a new variant."
					},
					"response": [
						{
							"name": "Success",
							"originalRequest": {
								"method": "POST",
								"header": [
									{
										"key": "Authorization",
										"value": "Bearer {token}",
										"type": "text",
										"name": "Authorization"
									},
									{
										"key": "Content-Type",
										"value": "application/json",
										"type": "text",
										"name": "Content-Type"
									}
								],
								"body": {
									"mode": "raw",
									"raw": "{\n  \"name\": \"Color\",\n  \"value\": \"Red\",\n  \"description\": \"Red color variant\",\n  \"slug\": \"red\",\n  \"applicableTo\": [],\n  \"variantType\": \"color\"\n}"
								},
								"url": {
									"raw": ""
								}
							},
							"status": "200",
							"code": 200,
							"_postman_previewlanguage": "Text",
							"header": [
								{
									"key": "Content-Type",
									"value": "application/json; charset=utf-8",
									"name": "Content-Type"
								}
							],
							"cookie": [],
							"body": "{\n  \"message\": \"Variant created successfully\",\n  \"data\": {\n    \"name\": \"Color\",\n    \"value\": \"Red\",\n    \"description\": \"Red color variant\",\n    \"slug\": \"red\",\n    \"applicableTo\": [],\n    \"variantType\": \"color\",\n    \"_id\": \"609b64c7823f3446d46bc37d\",\n    \"createdAt\": \"2021-05-13T12:30:32.000Z\",\n    \"updatedAt\": \"2021-05-13T12:30:32.000Z\"\n  }\n}"
						},
						{
							"name": "Error",
							"originalRequest": {
								"method": "POST",
								"header": [
									{
										"key": "Authorization",
										"value": "Bearer {token}",
										"type": "text",
										"name": "Authorization"
									},
									{
										"key": "Content-Type",
										"value": "application/json",
										"type": "text",
										"name": "Content-Type"
									}
								],
								"body": {
									"mode": "raw",
									"raw": "{\n  \"name\": \"Color\",\n  \"value\": \"Red\",\n  \"description\": \"Red color variant\",\n  \"slug\": \"red\",\n  \"applicableTo\": [],\n  \"variantType\": \"color\"\n}"
								},
								"url": {
									"raw": ""
								}
							},
							"status": "400",
							"code": 400,
							"_postman_previewlanguage": "Text",
							"header": [
								{
									"key": "Content-Type",
									"value": "application/json; charset=utf-8",
									"name": "Content-Type"
								}
							],
							"cookie": [],
							"body": "{\n  \"error\": {\n    \"message\": \"Variant with this name and value already exists\"\n  }\n}"
						}
					]
				},
				{
					"name": "Add Attribute",
					"request": {
						"method": "POST",
						"header": [
							{
								"key": "Authorization",
								"value": "Bearer {token}",
								"description": "Bearer Token",
								"type": "text"
							},
							{
								"key": "Content-Type",
								"value": "application/json",
								"description": "JSON"
							}
						],
						"body": {
							"mode": "raw",
							"raw": "{\n  \"name\": \"Brand\",\n  \"value\": \"Apple\",\n  \"description\": \"Apple brand attribute\",\n  \"slug\": \"apple\",\n  \"applicableTo\": [],\n  \"attributeType\": \"brand\"\n}"
						},
						"url": {
							"raw": "{{base_url}}://category/attribute",
							"protocol": "{{base_url}}",
							"host": [
								"category"
							],
							"path": [
								"attribute"
							]
						},
						"description": "Adds a new attribute."
					},
					"response": [
						{
							"name": "Success",
							"originalRequest": {
								"method": "POST",
								"header": [
									{
										"key": "Authorization",
										"value": "Bearer {token}",
										"type": "text",
										"name": "Authorization"
									},
									{
										"key": "Content-Type",
										"value": "application/json",
										"type": "text",
										"name": "Content-Type"
									}
								],
								"body": {
									"mode": "raw",
									"raw": "{\n  \"name\": \"Brand\",\n  \"value\": \"Apple\",\n  \"description\": \"Apple brand attribute\",\n  \"slug\": \"apple\",\n  \"applicableTo\": [],\n  \"attributeType\": \"brand\"\n}"
								},
								"url": {
									"raw": ""
								}
							},
							"status": "200",
							"code": 200,
							"_postman_previewlanguage": "Text",
							"header": [
								{
									"key": "Content-Type",
									"value": "application/json; charset=utf-8",
									"name": "Content-Type"
								}
							],
							"cookie": [],
							"body": "{\n  \"message\": \"Attribute created successfully\",\n  \"data\": {\n    \"name\": \"Brand\",\n    \"value\": \"Apple\",\n    \"description\": \"Apple brand attribute\",\n    \"slug\": \"apple\",\n    \"applicableTo\": [],\n    \"attributeType\": \"brand\",\n    \"_id\": \"609b64c7823f3446d46bc37e\",\n    \"createdAt\": \"2021-05-13T12:30:32.000Z\",\n    \"updatedAt\": \"2021-05-13T12:30:32.000Z\"\n  }\n}"
						},
						{
							"name": "Error",
							"originalRequest": {
								"method": "POST",
								"header": [
									{
										"key": "Authorization",
										"value": "Bearer {token}",
										"type": "text",
										"name": "Authorization"
									},
									{
										"key": "Content-Type",
										"value": "application/json",
										"type": "text",
										"name": "Content-Type"
									}
								],
								"body": {
									"mode": "raw",
									"raw": "{\n  \"name\": \"Brand\",\n  \"value\": \"Apple\",\n  \"description\": \"Apple brand attribute\",\n  \"slug\": \"apple\",\n  \"applicableTo\": [],\n  \"attributeType\": \"brand\"\n}"
								},
								"url": {
									"raw": ""
								}
							},
							"status": "400",
							"code": 400,
							"_postman_previewlanguage": "Text",
							"header": [
								{
									"key": "Content-Type",
									"value": "application/json; charset=utf-8",
									"name": "Content-Type"
								}
							],
							"cookie": [],
							"body": "{\n  \"error\": {\n    \"message\": \"Attribute with this name and value already exists\"\n  }\n}"
						}
					]
				}
			]
		}
	]
}